{"x_ratio_start": 0.12083333333333333, "y_ratio_start": 0.17777777777777778, "x_ratio_end": 0.9875, "y_ratio_end": 0.7416666666666667}