{"x_ratio_start": 0.11875, "y_ratio_start": 0.17222222222222222, "x_ratio_end": 0.95625, "y_ratio_end": 0.7777777777777778}