{"cropping_b_part": {"x_ratio_start": 0.009375, "y_ratio_start": 0.1638888888888889, "x_ratio_end": 0.9921875, "y_ratio_end": 0.7375}, "common_size": [1920, 1080]}